<ErrorResponseTable>
    <Feature type="0" name="Login">
        <Entry hr="0x80072EE7" action="3">
        </Entry>
        <Entry hr="0x81000306" action="3">
        </Entry>
        <Entry hr="0x80072EFD" action="3">
        </Entry>
        <Entry hr="0x81000362" action="3">
        </Entry>
        <Entry hr="0x8100030E" action="3">
        </Entry>
        <Entry hr="0x80072745" action="3">
        </Entry>
        <Entry hr="0x800701F7" action="3">
        </Entry>
        <Entry hr="0x80072EFF" action="3">
        </Entry>
        <Entry hr="0x81000363" action="3">
        </Entry>
        <Entry hr="0x81000395" action="3">
        </Entry>
        <Entry hr="0x800B0001" action="3">
        </Entry>
        <Entry hr="0x81000323" action="3">
        </Entry>
        <Entry hr="0x80072F19" action="3">
        </Entry>
        <Entry hr="0x800701F8" action="3">
        </Entry>
        <Entry hr="0x80072746" action="3">
        </Entry>
        <Entry hr="0x800701F6" action="3">
        </Entry>
        <Entry hr="0x81000377" action="3">
        </Entry>
        <Entry hr="0x81000314" action="3">
        </Entry>
        <Entry hr="0x81000378" action="3">
        </Entry>
        <Entry hr="0x80072EFF" action="3">
        </Entry>
        <Entry hr="0x80070190" action="3">
        </Entry>
        <Entry hr="0x80070197" action="3">
        </Entry>
        <Entry hr="0x80048820" action="3">
        </Entry>
        <Entry hr="0x80048829" action="3">
        </Entry>
        <Entry hr="0x80048834" action="3">
        </Entry>
        <Entry hr="0x80048852" action="3">
        </Entry>
        <Entry hr="0x8004886a" action="3">
        </Entry>
        <Entry hr="0x8004886b" action="3">
        </Entry>
    </Feature>
</ErrorResponseTable>
