<ConfigurationRoot 
	xmlns:xsi="http://www.w3.org/2001/XMLSchema-instance" 
	updateWebServiceURL="https://scan.safety.live.com/utility/shared/catalogs_MSVS.aspx"
	version="1.0.0.1"
	installCatalog="Windows Live OneCare safety scanner"
	installMsiOSversion="6.0.0"
	installMsiProductID="{FE0646A7-19D0-41B4-A2BB-2C35D644270D}"
	updatePeriod="4"
	sqmUploadParam="0"
	sqmUploadTimeout="2000"
	sqmUploadType="1"
	sqmUploadURL="http://www.sqm.microsoft.com/sqm/windowsliveclient/sqmserver.dll"
	DWBitsURL="http://scan.safety.live.com/resource/download/scanner/wlscDW.msi">
	<ScannerSet>
		<Section name="Computer safety">
			<Scanner name="Virus Scan" progID="Microsoft.wlsc.Scanner.AVAS" />
		</Section>
	</ScannerSet>
	<ScanModes>
		<ScanMode mode="custom">
			<UseScanner usage="always" progID="Microsoft.wlsc.Scanner.AVAS">
				<Parameter name="scanType" val="full" />

				<Parameter name="virusDetailURL" val="http://go.microsoft.com/fwlink/?linkid=55681&amp;lang=[*LANG*]&amp;name=[*VIRUSNAME*]" />
				<Parameter name="virusDetailLearnMoreURL" val="http://go.microsoft.com/fwlink/?linkid=55681&amp;name=[*VIRUSNAME*]" />

				<Parameter name="scanPermit.FixedDrive" val="false" />
				<Parameter name="scanPermit.RamDiskDrive" val="false" />
				<Parameter name="scanPermit.CDROMDrive" val="false" />
				<Parameter name="scanPermit.RemoteDrive" val="false" />
				<Parameter name="scanPermit.RemovableDrive" val="false" />

				<Parameter name="config.scanpackedexe" val="1" />
				<Parameter name="config.scanarchives" val="1" />
				<Parameter name="config.scanallfiles" val="0" />
				<Parameter name="config.heuristics" val="1" />
				<Parameter name="config.scanmail" val="0" />
				<Parameter name="config.smartscan" val="1" />
				<Parameter name="config.norecursive" val="0" />
				<Parameter name="config.scanreparsepoints" val="1" />
				<Parameter name="config.nodatabases" val="0" />
				<Parameter name="config.createundetlog" val="0" />
				<Parameter name="config.smartkrpt" val="0" />
				<Parameter name="config.greyscan" val="0" />
				<Parameter name="config.paranoid" val="0" />
				<Parameter name="config.replaceafterreboot" val="1" />
				<Parameter name="config.enablethreatmgr" val="0" />
				<Parameter name="config.detectspyware" val="0" />
				<Parameter name="config.av_" val="1" />
				<Parameter name="config.reportfriendlyfiles" val="0" />
				<Parameter name="config.reportunknownfiles" val="0" />
				<Parameter name="config.reportallowedfiles" val="0" />
				<Parameter name="config.reportblockedfiles" val="0" />
				<Parameter name="config.advancedexceptions" val="0" />
				<Parameter name="config.scanbootsectors" val="0" />
				<Parameter name="config.extensions" val="" />
				<Parameter name="config.renameextension" val="" />
				<Parameter name="config.renamepathproperties" val="" />
				<Parameter name="config.max_archive_size" val="0" />
				<Parameter name="config.max_unpacked_file_in_archive" val="0" />
				<Parameter name="config.mindepth" val="0" />
				<Parameter name="config.maxdepth" val="0" />
				<Parameter name="config.emindepth" val="0" />
				<Parameter name="config.emaxdepth" val="0" />
			</UseScanner>
		</ScanMode>
	</ScanModes>
</ConfigurationRoot>